{
  "project_info": {
    "project_number": "469792948523",
    "firebase_url": "https://petshop-f1320.firebaseio.com",
    "project_id": "petshop-f1320",
    "storage_bucket": "petshop-f1320.appspot.com"
  },
  "client": [
    {
      "client_info": {
        "mobilesdk_app_id": "1:469792948523:android:b224eeffb845687d95056e",
        "android_client_info": {
          "package_name": "br.com.petshopsi"
        }
      },
      "oauth_client": [
        {
          "client_id": "469792948523-v8ok0djasqffcvj0l4vq5lek3hv18ao9.apps.googleusercontent.com",
          "client_type": 1,
          "android_info": {
            "package_name": "br.com.petshopsi",
            "certificate_hash": "4f683e044772fc9a26a453948bf7a255e8b179f6"
          }
        },
        {
          "client_id": "469792948523-atng82nnfep7k9aalsl42cml80gcpjjq.apps.googleusercontent.com",
          "client_type": 3
        }
      ],
      "api_key": [
        {
          "current_key": "AIzaSyAXed-FG8copnTR96doKYoLsAXVIBXZga4"
        }
      ],
      "services": {
        "appinvite_service": {
          "other_platform_oauth_client": [
            {
              "client_id": "469792948523-atng82nnfep7k9aalsl42cml80gcpjjq.apps.googleusercontent.com",
              "client_type": 3
            }
          ]
        }
      }
    }
  ],
  "configuration_version": "1"
}